# Benchmark name,Verification,device-name,kernel-time-mean,kernel-time-median,kernel-time-min,kernel-time-samples,kernel-time-stddev,kernel-time-throughput,local-size,problem-size,run-time-mean,run-time-median,run-time-min,run-time-samples,run-time-stddev,run-time-throughput,sycl-implementation,throughput-metric
Runtime_IndependentDAGTaskThroughput_SingleTask,PASS,SYCL host device,N/A,N/A,N/A,N/A,N/A,N/A,256,1024,0.016326,0.016284,0.016149,0.016149 0.016167 0.016189 0.016238 0.016277 0.016284 0.016287 0.016296 0.016351 0.017025,0.000254,N/A,LLVM (Intel DPC++),N/A
# Benchmark name,Verification,device-name,kernel-time-mean,kernel-time-median,kernel-time-min,kernel-time-samples,kernel-time-stddev,kernel-time-throughput,local-size,problem-size,run-time-mean,run-time-median,run-time-min,run-time-samples,run-time-stddev,run-time-throughput,sycl-implementation,throughput-metric
Runtime_IndependentDAGTaskThroughput_BasicParallelFor,PASS,SYCL host device,N/A,N/A,N/A,N/A,N/A,N/A,256,1024,0.047078,0.047081,0.047007,0.047007 0.047025 0.047067 0.047072 0.047074 0.047081 0.047086 0.047091 0.047122 0.047157,0.000043,N/A,LLVM (Intel DPC++),N/A
# Benchmark name,Verification,device-name,kernel-time-mean,kernel-time-median,kernel-time-min,kernel-time-samples,kernel-time-stddev,kernel-time-throughput,local-size,problem-size,run-time-mean,run-time-median,run-time-min,run-time-samples,run-time-stddev,run-time-throughput,sycl-implementation,throughput-metric
Runtime_IndependentDAGTaskThroughput_HierarchicalParallelFor,PASS,SYCL host device,N/A,N/A,N/A,N/A,N/A,N/A,256,1024,0.016195,0.016198,0.016135,0.016135 0.016139 0.016143 0.016157 0.016167 0.016198 0.016203 0.016203 0.016215 0.016395,0.000076,N/A,LLVM (Intel DPC++),N/A
# Benchmark name,Verification,device-name,kernel-time-mean,kernel-time-median,kernel-time-min,kernel-time-samples,kernel-time-stddev,kernel-time-throughput,local-size,problem-size,run-time-mean,run-time-median,run-time-min,run-time-samples,run-time-stddev,run-time-throughput,sycl-implementation,throughput-metric
Runtime_IndependentDAGTaskThroughput_NDRangeParallelFor,PASS,SYCL host device,N/A,N/A,N/A,N/A,N/A,N/A,256,1024,0.044854,0.044879,0.044625,0.044625 0.044774 0.044824 0.044840 0.044874 0.044879 0.044890 0.044925 0.044943 0.044965,0.000098,N/A,LLVM (Intel DPC++),N/A
# Benchmark name,Verification,device-name,kernel-time-mean,kernel-time-median,kernel-time-min,kernel-time-samples,kernel-time-stddev,kernel-time-throughput,local-size,problem-size,run-time-mean,run-time-median,run-time-min,run-time-samples,run-time-stddev,run-time-throughput,sycl-implementation,throughput-metric
Runtime_IndependentDAGTaskThroughput_SingleTask,PASS,SYCL host device,N/A,N/A,N/A,N/A,N/A,N/A,256,2048,0.034198,0.034916,0.033139,0.033139 0.033192 0.033207 0.033258 0.033296 0.034916 0.035185 0.035226 0.035236 0.035323,0.001038,N/A,LLVM (Intel DPC++),N/A
# Benchmark name,Verification,device-name,kernel-time-mean,kernel-time-median,kernel-time-min,kernel-time-samples,kernel-time-stddev,kernel-time-throughput,local-size,problem-size,run-time-mean,run-time-median,run-time-min,run-time-samples,run-time-stddev,run-time-throughput,sycl-implementation,throughput-metric
Runtime_IndependentDAGTaskThroughput_BasicParallelFor,PASS,SYCL host device,N/A,N/A,N/A,N/A,N/A,N/A,256,2048,0.099263,0.094943,0.094353,0.094353 0.094442 0.094460 0.094496 0.094568 0.094943 0.097114 0.097138 0.097227 0.133888,0.012229,N/A,LLVM (Intel DPC++),N/A
# Benchmark name,Verification,device-name,kernel-time-mean,kernel-time-median,kernel-time-min,kernel-time-samples,kernel-time-stddev,kernel-time-throughput,local-size,problem-size,run-time-mean,run-time-median,run-time-min,run-time-samples,run-time-stddev,run-time-throughput,sycl-implementation,throughput-metric
Runtime_IndependentDAGTaskThroughput_HierarchicalParallelFor,PASS,SYCL host device,N/A,N/A,N/A,N/A,N/A,N/A,256,2048,0.031902,0.03192,0.031802,0.031802 0.031830 0.031859 0.031894 0.031914 0.031920 0.031929 0.031936 0.031950 0.031990,0.000057,N/A,LLVM (Intel DPC++),N/A
# Benchmark name,Verification,device-name,kernel-time-mean,kernel-time-median,kernel-time-min,kernel-time-samples,kernel-time-stddev,kernel-time-throughput,local-size,problem-size,run-time-mean,run-time-median,run-time-min,run-time-samples,run-time-stddev,run-time-throughput,sycl-implementation,throughput-metric
Runtime_IndependentDAGTaskThroughput_NDRangeParallelFor,PASS,SYCL host device,N/A,N/A,N/A,N/A,N/A,N/A,256,2048,0.08988,0.089883,0.089765,0.089765 0.089776 0.089805 0.089839 0.089873 0.089883 0.089908 0.089947 0.089978 0.090028,0.000087,N/A,LLVM (Intel DPC++),N/A
# Benchmark name,Verification,device-name,kernel-time-mean,kernel-time-median,kernel-time-min,kernel-time-samples,kernel-time-stddev,kernel-time-throughput,local-size,problem-size,run-time-mean,run-time-median,run-time-min,run-time-samples,run-time-stddev,run-time-throughput,sycl-implementation,throughput-metric
Runtime_IndependentDAGTaskThroughput_SingleTask,PASS,SYCL host device,N/A,N/A,N/A,N/A,N/A,N/A,256,4096,0.067683,0.067416,0.067273,0.067273 0.067273 0.067313 0.067381 0.067397 0.067416 0.067436 0.067462 0.067549 0.070328,0.000933,N/A,LLVM (Intel DPC++),N/A
# Benchmark name,Verification,device-name,kernel-time-mean,kernel-time-median,kernel-time-min,kernel-time-samples,kernel-time-stddev,kernel-time-throughput,local-size,problem-size,run-time-mean,run-time-median,run-time-min,run-time-samples,run-time-stddev,run-time-throughput,sycl-implementation,throughput-metric
Runtime_IndependentDAGTaskThroughput_BasicParallelFor,PASS,SYCL host device,N/A,N/A,N/A,N/A,N/A,N/A,256,4096,0.191608,0.191061,0.190866,0.190866 0.190891 0.190914 0.190984 0.190990 0.191061 0.191135 0.191237 0.191478 0.196519,0.001736,N/A,LLVM (Intel DPC++),N/A
# Benchmark name,Verification,device-name,kernel-time-mean,kernel-time-median,kernel-time-min,kernel-time-samples,kernel-time-stddev,kernel-time-throughput,local-size,problem-size,run-time-mean,run-time-median,run-time-min,run-time-samples,run-time-stddev,run-time-throughput,sycl-implementation,throughput-metric
Runtime_IndependentDAGTaskThroughput_HierarchicalParallelFor,PASS,SYCL host device,N/A,N/A,N/A,N/A,N/A,N/A,256,4096,0.070554,0.073206,0.065972,0.065972 0.065992 0.065999 0.066101 0.073203 0.073206 0.073675 0.073739 0.073824 0.073826,0.003912,N/A,LLVM (Intel DPC++),N/A
# Benchmark name,Verification,device-name,kernel-time-mean,kernel-time-median,kernel-time-min,kernel-time-samples,kernel-time-stddev,kernel-time-throughput,local-size,problem-size,run-time-mean,run-time-median,run-time-min,run-time-samples,run-time-stddev,run-time-throughput,sycl-implementation,throughput-metric
Runtime_IndependentDAGTaskThroughput_NDRangeParallelFor,PASS,SYCL host device,N/A,N/A,N/A,N/A,N/A,N/A,256,4096,0.1806,0.180532,0.180317,0.180317 0.180396 0.180397 0.180495 0.180531 0.180532 0.180548 0.180667 0.180742 0.181375,0.0003,N/A,LLVM (Intel DPC++),N/A
# Benchmark name,Verification,device-name,kernel-time-mean,kernel-time-median,kernel-time-min,kernel-time-samples,kernel-time-stddev,kernel-time-throughput,local-size,problem-size,run-time-mean,run-time-median,run-time-min,run-time-samples,run-time-stddev,run-time-throughput,sycl-implementation,throughput-metric
Runtime_IndependentDAGTaskThroughput_SingleTask,PASS,SYCL host device,N/A,N/A,N/A,N/A,N/A,N/A,256,8192,0.144447,0.142644,0.135214,0.135214 0.135293 0.135476 0.135708 0.141379 0.142644 0.146740 0.146810 0.146824 0.178378,0.012937,N/A,LLVM (Intel DPC++),N/A
# Benchmark name,Verification,device-name,kernel-time-mean,kernel-time-median,kernel-time-min,kernel-time-samples,kernel-time-stddev,kernel-time-throughput,local-size,problem-size,run-time-mean,run-time-median,run-time-min,run-time-samples,run-time-stddev,run-time-throughput,sycl-implementation,throughput-metric
Runtime_IndependentDAGTaskThroughput_BasicParallelFor,PASS,SYCL host device,N/A,N/A,N/A,N/A,N/A,N/A,256,8192,0.380098,0.380059,0.379841,0.379841 0.379867 0.380023 0.380031 0.380043 0.380059 0.380165 0.380183 0.380228 0.380537,0.000199,N/A,LLVM (Intel DPC++),N/A
# Benchmark name,Verification,device-name,kernel-time-mean,kernel-time-median,kernel-time-min,kernel-time-samples,kernel-time-stddev,kernel-time-throughput,local-size,problem-size,run-time-mean,run-time-median,run-time-min,run-time-samples,run-time-stddev,run-time-throughput,sycl-implementation,throughput-metric
Runtime_IndependentDAGTaskThroughput_HierarchicalParallelFor,PASS,SYCL host device,N/A,N/A,N/A,N/A,N/A,N/A,256,8192,0.142344,0.143864,0.132017,0.132017 0.140033 0.143623 0.143777 0.143819 0.143864 0.143894 0.144101 0.144127 0.144187,0.003833,N/A,LLVM (Intel DPC++),N/A
# Benchmark name,Verification,device-name,kernel-time-mean,kernel-time-median,kernel-time-min,kernel-time-samples,kernel-time-stddev,kernel-time-throughput,local-size,problem-size,run-time-mean,run-time-median,run-time-min,run-time-samples,run-time-stddev,run-time-throughput,sycl-implementation,throughput-metric
Runtime_IndependentDAGTaskThroughput_NDRangeParallelFor,PASS,SYCL host device,N/A,N/A,N/A,N/A,N/A,N/A,256,8192,0.371001,0.370879,0.363423,0.363423 0.363454 0.363525 0.363592 0.370663 0.370879 0.370942 0.371258 0.382865 0.389406,0.00885,N/A,LLVM (Intel DPC++),N/A
# Benchmark name,Verification,device-name,kernel-time-mean,kernel-time-median,kernel-time-min,kernel-time-samples,kernel-time-stddev,kernel-time-throughput,local-size,problem-size,run-time-mean,run-time-median,run-time-min,run-time-samples,run-time-stddev,run-time-throughput,sycl-implementation,throughput-metric
Runtime_IndependentDAGTaskThroughput_SingleTask,PASS,SYCL host device,N/A,N/A,N/A,N/A,N/A,N/A,256,16384,0.286547,0.266961,0.258538,0.258538 0.258728 0.266137 0.266295 0.266527 0.266961 0.268746 0.279785 0.290363 0.443390,0.055923,N/A,LLVM (Intel DPC++),N/A
# Benchmark name,Verification,device-name,kernel-time-mean,kernel-time-median,kernel-time-min,kernel-time-samples,kernel-time-stddev,kernel-time-throughput,local-size,problem-size,run-time-mean,run-time-median,run-time-min,run-time-samples,run-time-stddev,run-time-throughput,sycl-implementation,throughput-metric
Runtime_IndependentDAGTaskThroughput_BasicParallelFor,PASS,SYCL host device,N/A,N/A,N/A,N/A,N/A,N/A,256,16384,0.756376,0.753825,0.748454,0.748454 0.749140 0.751218 0.751723 0.752089 0.753825 0.758918 0.760374 0.764800 0.773221,0.007926,N/A,LLVM (Intel DPC++),N/A
# Benchmark name,Verification,device-name,kernel-time-mean,kernel-time-median,kernel-time-min,kernel-time-samples,kernel-time-stddev,kernel-time-throughput,local-size,problem-size,run-time-mean,run-time-median,run-time-min,run-time-samples,run-time-stddev,run-time-throughput,sycl-implementation,throughput-metric
Runtime_IndependentDAGTaskThroughput_HierarchicalParallelFor,PASS,SYCL host device,N/A,N/A,N/A,N/A,N/A,N/A,256,16384,0.267484,0.262964,0.260324,0.260324 0.260554 0.262323 0.262705 0.262855 0.262964 0.263021 0.269190 0.274827 0.296076,0.010979,N/A,LLVM (Intel DPC++),N/A
# Benchmark name,Verification,device-name,kernel-time-mean,kernel-time-median,kernel-time-min,kernel-time-samples,kernel-time-stddev,kernel-time-throughput,local-size,problem-size,run-time-mean,run-time-median,run-time-min,run-time-samples,run-time-stddev,run-time-throughput,sycl-implementation,throughput-metric
Runtime_IndependentDAGTaskThroughput_NDRangeParallelFor,PASS,SYCL host device,N/A,N/A,N/A,N/A,N/A,N/A,256,16384,0.718522,0.718384,0.71744,0.717440 0.717532 0.717545 0.718138 0.718173 0.718384 0.718552 0.718572 0.719990 0.720897,0.001115,N/A,LLVM (Intel DPC++),N/A
# Benchmark name,Verification,device-name,kernel-time-mean,kernel-time-median,kernel-time-min,kernel-time-samples,kernel-time-stddev,kernel-time-throughput,local-size,problem-size,run-time-mean,run-time-median,run-time-min,run-time-samples,run-time-stddev,run-time-throughput,sycl-implementation,throughput-metric
Runtime_IndependentDAGTaskThroughput_SingleTask,PASS,SYCL host device,N/A,N/A,N/A,N/A,N/A,N/A,256,32768,0.531793,0.522351,0.520729,0.520729 0.521463 0.521463 0.521745 0.521850 0.522351 0.522364 0.523043 0.571443 0.571478,0.020916,N/A,LLVM (Intel DPC++),N/A
# Benchmark name,Verification,device-name,kernel-time-mean,kernel-time-median,kernel-time-min,kernel-time-samples,kernel-time-stddev,kernel-time-throughput,local-size,problem-size,run-time-mean,run-time-median,run-time-min,run-time-samples,run-time-stddev,run-time-throughput,sycl-implementation,throughput-metric
Runtime_IndependentDAGTaskThroughput_BasicParallelFor,PASS,SYCL host device,N/A,N/A,N/A,N/A,N/A,N/A,256,32768,1.519799,1.515214,1.504918,1.504918 1.507169 1.508648 1.509259 1.511817 1.515214 1.524290 1.525915 1.526312 1.564446,0.017621,N/A,LLVM (Intel DPC++),N/A
# Benchmark name,Verification,device-name,kernel-time-mean,kernel-time-median,kernel-time-min,kernel-time-samples,kernel-time-stddev,kernel-time-throughput,local-size,problem-size,run-time-mean,run-time-median,run-time-min,run-time-samples,run-time-stddev,run-time-throughput,sycl-implementation,throughput-metric
Runtime_IndependentDAGTaskThroughput_HierarchicalParallelFor,PASS,SYCL host device,N/A,N/A,N/A,N/A,N/A,N/A,256,32768,0.533164,0.527483,0.522848,0.522848 0.524112 0.524351 0.527103 0.527241 0.527483 0.528271 0.528904 0.532051 0.589274,0.019894,N/A,LLVM (Intel DPC++),N/A
# Benchmark name,Verification,device-name,kernel-time-mean,kernel-time-median,kernel-time-min,kernel-time-samples,kernel-time-stddev,kernel-time-throughput,local-size,problem-size,run-time-mean,run-time-median,run-time-min,run-time-samples,run-time-stddev,run-time-throughput,sycl-implementation,throughput-metric
Runtime_IndependentDAGTaskThroughput_NDRangeParallelFor,PASS,SYCL host device,N/A,N/A,N/A,N/A,N/A,N/A,256,32768,1.445438,1.44166,1.439853,1.439853 1.440520 1.440780 1.440872 1.440925 1.441660 1.441974 1.441990 1.445070 1.480739,0.012485,N/A,LLVM (Intel DPC++),N/A
# Benchmark name,Verification,device-name,kernel-time-mean,kernel-time-median,kernel-time-min,kernel-time-samples,kernel-time-stddev,kernel-time-throughput,local-size,problem-size,run-time-mean,run-time-median,run-time-min,run-time-samples,run-time-stddev,run-time-throughput,sycl-implementation,throughput-metric
Runtime_IndependentDAGTaskThroughput_SingleTask,PASS,SYCL host device,N/A,N/A,N/A,N/A,N/A,N/A,256,65536,1.089966,1.05235,1.045085,1.045085 1.045468 1.046536 1.048898 1.049471 1.052350 1.074672 1.136221 1.150031 1.250928,0.068728,N/A,LLVM (Intel DPC++),N/A
# Benchmark name,Verification,device-name,kernel-time-mean,kernel-time-median,kernel-time-min,kernel-time-samples,kernel-time-stddev,kernel-time-throughput,local-size,problem-size,run-time-mean,run-time-median,run-time-min,run-time-samples,run-time-stddev,run-time-throughput,sycl-implementation,throughput-metric
Runtime_IndependentDAGTaskThroughput_BasicParallelFor,PASS,SYCL host device,N/A,N/A,N/A,N/A,N/A,N/A,256,65536,3.034325,3.022079,3.012563,3.012563 3.012829 3.016295 3.019773 3.021055 3.022079 3.024330 3.024797 3.075184 3.114338,0.033435,N/A,LLVM (Intel DPC++),N/A
# Benchmark name,Verification,device-name,kernel-time-mean,kernel-time-median,kernel-time-min,kernel-time-samples,kernel-time-stddev,kernel-time-throughput,local-size,problem-size,run-time-mean,run-time-median,run-time-min,run-time-samples,run-time-stddev,run-time-throughput,sycl-implementation,throughput-metric
Runtime_IndependentDAGTaskThroughput_HierarchicalParallelFor,PASS,SYCL host device,N/A,N/A,N/A,N/A,N/A,N/A,256,65536,1.06179,1.062291,1.058092,1.058092 1.059983 1.061838 1.062062 1.062076 1.062291 1.062340 1.062786 1.062945 1.063485,0.001593,N/A,LLVM (Intel DPC++),N/A
# Benchmark name,Verification,device-name,kernel-time-mean,kernel-time-median,kernel-time-min,kernel-time-samples,kernel-time-stddev,kernel-time-throughput,local-size,problem-size,run-time-mean,run-time-median,run-time-min,run-time-samples,run-time-stddev,run-time-throughput,sycl-implementation,throughput-metric
Runtime_IndependentDAGTaskThroughput_NDRangeParallelFor,PASS,SYCL host device,N/A,N/A,N/A,N/A,N/A,N/A,256,65536,2.8909,2.878171,2.870158,2.870158 2.875687 2.876056 2.876131 2.876851 2.878171 2.879751 2.882028 2.940273 2.953890,0.02994,N/A,LLVM (Intel DPC++),N/A
# Benchmark name,Verification,device-name,kernel-time-mean,kernel-time-median,kernel-time-min,kernel-time-samples,kernel-time-stddev,kernel-time-throughput,local-size,problem-size,run-time-mean,run-time-median,run-time-min,run-time-samples,run-time-stddev,run-time-throughput,sycl-implementation,throughput-metric
Runtime_DAGTaskThroughput_SingleTask,PASS,SYCL host device,N/A,N/A,N/A,N/A,N/A,N/A,256,1024,0.010254,0.010207,0.010125,0.010125 0.010159 0.010171 0.010190 0.010206 0.010207 0.010209 0.010233 0.010336 0.010707,0.000168,N/A,LLVM (Intel DPC++),N/A
# Benchmark name,Verification,device-name,kernel-time-mean,kernel-time-median,kernel-time-min,kernel-time-samples,kernel-time-stddev,kernel-time-throughput,local-size,problem-size,run-time-mean,run-time-median,run-time-min,run-time-samples,run-time-stddev,run-time-throughput,sycl-implementation,throughput-metric
Runtime_DAGTaskThroughput_BasicParallelFor,PASS,SYCL host device,N/A,N/A,N/A,N/A,N/A,N/A,256,1024,0.040561,0.040637,0.040331,0.040331 0.040355 0.040404 0.040488 0.040559 0.040637 0.040690 0.040696 0.040707 0.040745,0.000157,N/A,LLVM (Intel DPC++),N/A
# Benchmark name,Verification,device-name,kernel-time-mean,kernel-time-median,kernel-time-min,kernel-time-samples,kernel-time-stddev,kernel-time-throughput,local-size,problem-size,run-time-mean,run-time-median,run-time-min,run-time-samples,run-time-stddev,run-time-throughput,sycl-implementation,throughput-metric
Runtime_DAGTaskThroughput_HierarchicalParallelFor,PASS,SYCL host device,N/A,N/A,N/A,N/A,N/A,N/A,256,1024,0.009812,0.009801,0.009761,0.009761 0.009789 0.009792 0.009795 0.009796 0.009801 0.009821 0.009823 0.009836 0.009905,0.000039,N/A,LLVM (Intel DPC++),N/A
# Benchmark name,Verification,device-name,kernel-time-mean,kernel-time-median,kernel-time-min,kernel-time-samples,kernel-time-stddev,kernel-time-throughput,local-size,problem-size,run-time-mean,run-time-median,run-time-min,run-time-samples,run-time-stddev,run-time-throughput,sycl-implementation,throughput-metric
Runtime_DAGTaskThroughput_NDRangeParallelFor,PASS,SYCL host device,N/A,N/A,N/A,N/A,N/A,N/A,256,1024,0.038365,0.038345,0.038241,0.038241 0.038278 0.038333 0.038336 0.038338 0.038345 0.038410 0.038434 0.038465 0.038466,0.000077,N/A,LLVM (Intel DPC++),N/A
# Benchmark name,Verification,device-name,kernel-time-mean,kernel-time-median,kernel-time-min,kernel-time-samples,kernel-time-stddev,kernel-time-throughput,local-size,problem-size,run-time-mean,run-time-median,run-time-min,run-time-samples,run-time-stddev,run-time-throughput,sycl-implementation,throughput-metric
Runtime_DAGTaskThroughput_SingleTask,PASS,SYCL host device,N/A,N/A,N/A,N/A,N/A,N/A,256,2048,0.020561,0.020459,0.02038,0.020380 0.020382 0.020390 0.020421 0.020454 0.020459 0.020514 0.020544 0.020659 0.021406,0.000309,N/A,LLVM (Intel DPC++),N/A
# Benchmark name,Verification,device-name,kernel-time-mean,kernel-time-median,kernel-time-min,kernel-time-samples,kernel-time-stddev,kernel-time-throughput,local-size,problem-size,run-time-mean,run-time-median,run-time-min,run-time-samples,run-time-stddev,run-time-throughput,sycl-implementation,throughput-metric
Runtime_DAGTaskThroughput_BasicParallelFor,PASS,SYCL host device,N/A,N/A,N/A,N/A,N/A,N/A,256,2048,0.081857,0.081764,0.081525,0.081525 0.081648 0.081671 0.081684 0.081745 0.081764 0.081857 0.082005 0.082045 0.082627,0.000314,N/A,LLVM (Intel DPC++),N/A
# Benchmark name,Verification,device-name,kernel-time-mean,kernel-time-median,kernel-time-min,kernel-time-samples,kernel-time-stddev,kernel-time-throughput,local-size,problem-size,run-time-mean,run-time-median,run-time-min,run-time-samples,run-time-stddev,run-time-throughput,sycl-implementation,throughput-metric
Runtime_DAGTaskThroughput_HierarchicalParallelFor,PASS,SYCL host device,N/A,N/A,N/A,N/A,N/A,N/A,256,2048,0.019851,0.019809,0.019754,0.019754 0.019769 0.019782 0.019782 0.019806 0.019809 0.019864 0.019934 0.019995 0.020011,0.000096,N/A,LLVM (Intel DPC++),N/A
# Benchmark name,Verification,device-name,kernel-time-mean,kernel-time-median,kernel-time-min,kernel-time-samples,kernel-time-stddev,kernel-time-throughput,local-size,problem-size,run-time-mean,run-time-median,run-time-min,run-time-samples,run-time-stddev,run-time-throughput,sycl-implementation,throughput-metric
Runtime_DAGTaskThroughput_NDRangeParallelFor,PASS,SYCL host device,N/A,N/A,N/A,N/A,N/A,N/A,256,2048,0.077143,0.077174,0.076848,0.076848 0.076905 0.077014 0.077105 0.077138 0.077174 0.077206 0.077278 0.077353 0.077409,0.000182,N/A,LLVM (Intel DPC++),N/A
# Benchmark name,Verification,device-name,kernel-time-mean,kernel-time-median,kernel-time-min,kernel-time-samples,kernel-time-stddev,kernel-time-throughput,local-size,problem-size,run-time-mean,run-time-median,run-time-min,run-time-samples,run-time-stddev,run-time-throughput,sycl-implementation,throughput-metric
Runtime_DAGTaskThroughput_SingleTask,PASS,SYCL host device,N/A,N/A,N/A,N/A,N/A,N/A,256,4096,0.041622,0.041437,0.041241,0.041241 0.041257 0.041258 0.041265 0.041275 0.041437 0.041466 0.041616 0.042187 0.043223,0.000633,N/A,LLVM (Intel DPC++),N/A
# Benchmark name,Verification,device-name,kernel-time-mean,kernel-time-median,kernel-time-min,kernel-time-samples,kernel-time-stddev,kernel-time-throughput,local-size,problem-size,run-time-mean,run-time-median,run-time-min,run-time-samples,run-time-stddev,run-time-throughput,sycl-implementation,throughput-metric
Runtime_DAGTaskThroughput_BasicParallelFor,PASS,SYCL host device,N/A,N/A,N/A,N/A,N/A,N/A,256,4096,0.16482,0.164002,0.163364,0.163364 0.163371 0.163428 0.163671 0.163991 0.164002 0.164868 0.165087 0.166180 0.170238,0.002111,N/A,LLVM (Intel DPC++),N/A
# Benchmark name,Verification,device-name,kernel-time-mean,kernel-time-median,kernel-time-min,kernel-time-samples,kernel-time-stddev,kernel-time-throughput,local-size,problem-size,run-time-mean,run-time-median,run-time-min,run-time-samples,run-time-stddev,run-time-throughput,sycl-implementation,throughput-metric
Runtime_DAGTaskThroughput_HierarchicalParallelFor,PASS,SYCL host device,N/A,N/A,N/A,N/A,N/A,N/A,256,4096,0.039717,0.039701,0.039461,0.039461 0.039489 0.039575 0.039675 0.039676 0.039701 0.039756 0.039797 0.039854 0.040183,0.000207,N/A,LLVM (Intel DPC++),N/A
# Benchmark name,Verification,device-name,kernel-time-mean,kernel-time-median,kernel-time-min,kernel-time-samples,kernel-time-stddev,kernel-time-throughput,local-size,problem-size,run-time-mean,run-time-median,run-time-min,run-time-samples,run-time-stddev,run-time-throughput,sycl-implementation,throughput-metric
Runtime_DAGTaskThroughput_NDRangeParallelFor,PASS,SYCL host device,N/A,N/A,N/A,N/A,N/A,N/A,256,4096,0.155292,0.15535,0.154823,0.154823 0.154937 0.155058 0.155126 0.155173 0.155350 0.155366 0.155385 0.155431 0.156269,0.000399,N/A,LLVM (Intel DPC++),N/A
# Benchmark name,Verification,device-name,kernel-time-mean,kernel-time-median,kernel-time-min,kernel-time-samples,kernel-time-stddev,kernel-time-throughput,local-size,problem-size,run-time-mean,run-time-median,run-time-min,run-time-samples,run-time-stddev,run-time-throughput,sycl-implementation,throughput-metric
Runtime_DAGTaskThroughput_SingleTask,PASS,SYCL host device,N/A,N/A,N/A,N/A,N/A,N/A,256,8192,0.083045,0.082696,0.082518,0.082518 0.082569 0.082574 0.082588 0.082648 0.082696 0.082729 0.082751 0.083540 0.085841,0.001025,N/A,LLVM (Intel DPC++),N/A
# Benchmark name,Verification,device-name,kernel-time-mean,kernel-time-median,kernel-time-min,kernel-time-samples,kernel-time-stddev,kernel-time-throughput,local-size,problem-size,run-time-mean,run-time-median,run-time-min,run-time-samples,run-time-stddev,run-time-throughput,sycl-implementation,throughput-metric
Runtime_DAGTaskThroughput_BasicParallelFor,PASS,SYCL host device,N/A,N/A,N/A,N/A,N/A,N/A,256,8192,0.325607,0.324662,0.323232,0.323232 0.323504 0.323783 0.323802 0.324354 0.324662 0.325631 0.326106 0.328274 0.332719,0.002926,N/A,LLVM (Intel DPC++),N/A
# Benchmark name,Verification,device-name,kernel-time-mean,kernel-time-median,kernel-time-min,kernel-time-samples,kernel-time-stddev,kernel-time-throughput,local-size,problem-size,run-time-mean,run-time-median,run-time-min,run-time-samples,run-time-stddev,run-time-throughput,sycl-implementation,throughput-metric
Runtime_DAGTaskThroughput_HierarchicalParallelFor,PASS,SYCL host device,N/A,N/A,N/A,N/A,N/A,N/A,256,8192,0.080431,0.08032,0.080158,0.080158 0.080168 0.080181 0.080242 0.080258 0.080320 0.080437 0.080672 0.080768 0.081105,0.000318,N/A,LLVM (Intel DPC++),N/A
# Benchmark name,Verification,device-name,kernel-time-mean,kernel-time-median,kernel-time-min,kernel-time-samples,kernel-time-stddev,kernel-time-throughput,local-size,problem-size,run-time-mean,run-time-median,run-time-min,run-time-samples,run-time-stddev,run-time-throughput,sycl-implementation,throughput-metric
Runtime_DAGTaskThroughput_NDRangeParallelFor,PASS,SYCL host device,N/A,N/A,N/A,N/A,N/A,N/A,256,8192,0.308734,0.308854,0.308068,0.308068 0.308105 0.308235 0.308527 0.308559 0.308854 0.308873 0.308966 0.309111 0.310041,0.000587,N/A,LLVM (Intel DPC++),N/A
# Benchmark name,Verification,device-name,kernel-time-mean,kernel-time-median,kernel-time-min,kernel-time-samples,kernel-time-stddev,kernel-time-throughput,local-size,problem-size,run-time-mean,run-time-median,run-time-min,run-time-samples,run-time-stddev,run-time-throughput,sycl-implementation,throughput-metric
Runtime_DAGTaskThroughput_SingleTask,PASS,SYCL host device,N/A,N/A,N/A,N/A,N/A,N/A,256,16384,0.168452,0.168093,0.166752,0.166752 0.167162 0.167355 0.167780 0.167840 0.168093 0.168217 0.168829 0.169101 0.173392,0.001878,N/A,LLVM (Intel DPC++),N/A
# Benchmark name,Verification,device-name,kernel-time-mean,kernel-time-median,kernel-time-min,kernel-time-samples,kernel-time-stddev,kernel-time-throughput,local-size,problem-size,run-time-mean,run-time-median,run-time-min,run-time-samples,run-time-stddev,run-time-throughput,sycl-implementation,throughput-metric
Runtime_DAGTaskThroughput_BasicParallelFor,PASS,SYCL host device,N/A,N/A,N/A,N/A,N/A,N/A,256,16384,0.660719,0.658565,0.654316,0.654316 0.654932 0.657338 0.657673 0.658154 0.658565 0.659596 0.659938 0.670306 0.676372,0.007033,N/A,LLVM (Intel DPC++),N/A
# Benchmark name,Verification,device-name,kernel-time-mean,kernel-time-median,kernel-time-min,kernel-time-samples,kernel-time-stddev,kernel-time-throughput,local-size,problem-size,run-time-mean,run-time-median,run-time-min,run-time-samples,run-time-stddev,run-time-throughput,sycl-implementation,throughput-metric
Runtime_DAGTaskThroughput_HierarchicalParallelFor,PASS,SYCL host device,N/A,N/A,N/A,N/A,N/A,N/A,256,16384,0.162354,0.162415,0.162006,0.162006 0.162061 0.162084 0.162395 0.162407 0.162415 0.162480 0.162494 0.162509 0.162683,0.000225,N/A,LLVM (Intel DPC++),N/A
# Benchmark name,Verification,device-name,kernel-time-mean,kernel-time-median,kernel-time-min,kernel-time-samples,kernel-time-stddev,kernel-time-throughput,local-size,problem-size,run-time-mean,run-time-median,run-time-min,run-time-samples,run-time-stddev,run-time-throughput,sycl-implementation,throughput-metric
Runtime_DAGTaskThroughput_NDRangeParallelFor,PASS,SYCL host device,N/A,N/A,N/A,N/A,N/A,N/A,256,16384,0.622153,0.621081,0.616717,0.616717 0.617388 0.619396 0.620233 0.621072 0.621081 0.621570 0.623730 0.624039 0.636308,0.005504,N/A,LLVM (Intel DPC++),N/A
# Benchmark name,Verification,device-name,kernel-time-mean,kernel-time-median,kernel-time-min,kernel-time-samples,kernel-time-stddev,kernel-time-throughput,local-size,problem-size,run-time-mean,run-time-median,run-time-min,run-time-samples,run-time-stddev,run-time-throughput,sycl-implementation,throughput-metric
Runtime_DAGTaskThroughput_SingleTask,PASS,SYCL host device,N/A,N/A,N/A,N/A,N/A,N/A,256,32768,0.336158,0.335433,0.33398,0.333980 0.334262 0.334627 0.335238 0.335394 0.335433 0.335950 0.336252 0.336530 0.343910,0.002847,N/A,LLVM (Intel DPC++),N/A
# Benchmark name,Verification,device-name,kernel-time-mean,kernel-time-median,kernel-time-min,kernel-time-samples,kernel-time-stddev,kernel-time-throughput,local-size,problem-size,run-time-mean,run-time-median,run-time-min,run-time-samples,run-time-stddev,run-time-throughput,sycl-implementation,throughput-metric
Runtime_DAGTaskThroughput_BasicParallelFor,PASS,SYCL host device,N/A,N/A,N/A,N/A,N/A,N/A,256,32768,1.332707,1.321268,1.318044,1.318044 1.318756 1.318889 1.319678 1.320988 1.321268 1.332146 1.357810 1.359214 1.360275,0.018654,N/A,LLVM (Intel DPC++),N/A
# Benchmark name,Verification,device-name,kernel-time-mean,kernel-time-median,kernel-time-min,kernel-time-samples,kernel-time-stddev,kernel-time-throughput,local-size,problem-size,run-time-mean,run-time-median,run-time-min,run-time-samples,run-time-stddev,run-time-throughput,sycl-implementation,throughput-metric
Runtime_DAGTaskThroughput_HierarchicalParallelFor,PASS,SYCL host device,N/A,N/A,N/A,N/A,N/A,N/A,256,32768,0.324251,0.324394,0.323015,0.323015 0.323601 0.323875 0.324249 0.324374 0.324394 0.324410 0.324430 0.325032 0.325129,0.00063,N/A,LLVM (Intel DPC++),N/A
# Benchmark name,Verification,device-name,kernel-time-mean,kernel-time-median,kernel-time-min,kernel-time-samples,kernel-time-stddev,kernel-time-throughput,local-size,problem-size,run-time-mean,run-time-median,run-time-min,run-time-samples,run-time-stddev,run-time-throughput,sycl-implementation,throughput-metric
Runtime_DAGTaskThroughput_NDRangeParallelFor,PASS,SYCL host device,N/A,N/A,N/A,N/A,N/A,N/A,256,32768,1.259605,1.259827,1.257637,1.257637 1.258325 1.258464 1.258510 1.259672 1.259827 1.259917 1.260155 1.260548 1.262995,0.001522,N/A,LLVM (Intel DPC++),N/A
# Benchmark name,Verification,device-name,kernel-time-mean,kernel-time-median,kernel-time-min,kernel-time-samples,kernel-time-stddev,kernel-time-throughput,local-size,problem-size,run-time-mean,run-time-median,run-time-min,run-time-samples,run-time-stddev,run-time-throughput,sycl-implementation,throughput-metric
Runtime_DAGTaskThroughput_SingleTask,PASS,SYCL host device,N/A,N/A,N/A,N/A,N/A,N/A,256,65536,0.670749,0.669946,0.664405,0.664405 0.665851 0.666016 0.667513 0.669111 0.669946 0.673559 0.674935 0.677687 0.678469,0.005095,N/A,LLVM (Intel DPC++),N/A
# Benchmark name,Verification,device-name,kernel-time-mean,kernel-time-median,kernel-time-min,kernel-time-samples,kernel-time-stddev,kernel-time-throughput,local-size,problem-size,run-time-mean,run-time-median,run-time-min,run-time-samples,run-time-stddev,run-time-throughput,sycl-implementation,throughput-metric
Runtime_DAGTaskThroughput_BasicParallelFor,PASS,SYCL host device,N/A,N/A,N/A,N/A,N/A,N/A,256,65536,2.617835,2.618434,2.607199,2.607199 2.614537 2.617427 2.618337 2.618360 2.618434 2.618843 2.619238 2.621457 2.624515,0.004543,N/A,LLVM (Intel DPC++),N/A
# Benchmark name,Verification,device-name,kernel-time-mean,kernel-time-median,kernel-time-min,kernel-time-samples,kernel-time-stddev,kernel-time-throughput,local-size,problem-size,run-time-mean,run-time-median,run-time-min,run-time-samples,run-time-stddev,run-time-throughput,sycl-implementation,throughput-metric
Runtime_DAGTaskThroughput_HierarchicalParallelFor,PASS,SYCL host device,N/A,N/A,N/A,N/A,N/A,N/A,256,65536,0.663686,0.663847,0.658142,0.658142 0.660407 0.661170 0.662481 0.662671 0.663847 0.666023 0.666645 0.667645 0.667833,0.00329,N/A,LLVM (Intel DPC++),N/A
# Benchmark name,Verification,device-name,kernel-time-mean,kernel-time-median,kernel-time-min,kernel-time-samples,kernel-time-stddev,kernel-time-throughput,local-size,problem-size,run-time-mean,run-time-median,run-time-min,run-time-samples,run-time-stddev,run-time-throughput,sycl-implementation,throughput-metric
Runtime_DAGTaskThroughput_NDRangeParallelFor,PASS,SYCL host device,N/A,N/A,N/A,N/A,N/A,N/A,256,65536,2.483843,2.481277,2.470203,2.470203 2.475668 2.477537 2.479069 2.480942 2.481277 2.485080 2.486928 2.500494 2.501231,0.010116,N/A,LLVM (Intel DPC++),N/A
